<?xml version="1.0"?>

<Actions>
	<Action id="HonkAndBlink" deviceFilter="self" uiPath="DeviceActions">
		<Name>Honk and Blink</Name>
		<CallbackMethod>honkAndBlink</CallbackMethod>
		
	</Action>
	<Action id="StartCharge" deviceFilter="self" uiPath="DeviceActions">
		<Name>Start Charging</Name>
		<CallbackMethod>startCharge</CallbackMethod>
		
	</Action>
	<Action id="StopCharge" deviceFilter="self" uiPath="DeviceActions">
		<Name>Stop Charging</Name>
		<CallbackMethod>stopCharge</CallbackMethod>
		
	</Action>
	<Action id="StopClimate" deviceFilter="self" uiPath="DeviceActions">
		<Name>Stop Climate</Name>
		<CallbackMethod>stopClimate</CallbackMethod>
	</Action>
	<Action id="StartClimate" deviceFilter="self" uiPath="DeviceActions">
	<Name>Start Climate</Name>
	<ConfigUI>
			<Field id="climatetemp" type="textfield" defaultValue="210" >
			<Label>Target Temperature:(Centigrade x 10)</Label>
			</Field>
		</ConfigUI>
		<CallbackMethod>startClimate</CallbackMethod>
	</Action>
	
	
</Actions>
